id,lawfirm_name,interests_represented,web,registration_date,lobby_costs,lobby_fte,activity,networking,goals,info_members
188028,PARADIGMES cabinet d'avocats,Promotes their own interests or the collective interests of their members,http://www.paradigmes-avocats.com,"2020-5-20, 22:00","10,000",0.20000000298023,"Je ne fais pas souvent de publications, mais il m'arrive de prendre des positions dans les commentaires et appels à contributions européennes comme celle-ci, par exemple: 
https://ec.europa.eu/info/law/better-regulation/have-your-say/initiatives/11968-Code-des-douanes-de-lUnion-evaluation-a-mi-parcours/F538178_fr
ainsi que dans d'autres publications à périmètre européen:
https://euranetplus-inside.eu/eu-waste-exports-go-to-waste-part-i/
https://www.icc-france.fr/wp-content/uploads/2022/03/ICC-120-Le-Mag-version-finale.pdf","https://www.avocats-conseils.org/fr/commissions-avocats-conseils-entreprises/23-commissions/145-douane-transport-logistique

http://www.collindesussy.org/association/",Cabinet d'avocats spécialisé en mouvements et cycles de vie des produits et des déchets,
189719,Pilarp Juridik,Advances interests of their clients,,"2023-1-25, 23:00","10,000",0.25,,,"Att aktivt bevaka och söka påverka nuvarande tillämpning av samt kommande utformning av EU-lagstiftning. Primärt inom Transportområdet (gods- och passagerare) men även andra områden som rör aktörer inom transportsektorn som inre marknaden, konkurrens, skatter och avgifter, miljö och klimat samt arbetsrättsliga frågor.",
189833,Alexander H. Engelhardt,Advances interests of their clients,www.engelhardt.law,"2022-5-1, 22:00","50,000",0.25,"Projects; meetings with policy makers; publications, position papers, public consultation contributions.",,"Law firm, providing analysis, advice, and implementation re legal strategies; conflict prevention & resolution; corporate governance, risk and compliance; government/regulatory relations; ESG and sustainable development; political advocacy. Inform policy, facilitate sustainable business transformation and sustainable finance. EFFAS CESGA; CFA ESG, IFRS FSA, GARP SCR, Florence School of Regulation Green Deal, and DB1 qAR certifications.",The provision of legal and other professional advice may include eligible and non-eligible activities.
190369,SAGARDOY ABOGADOS,Promotes their own interests or the collective interests of their members,https://www.sagardoy.com/,"2019-4-21, 22:00","25,000",0.5,,,"Sagardoy Abogados es uno de los principales Bufetes especializados en Derecho del Trabajo, Beneficios Sociales, Pensiones y Seguridad Social en España. Desde su fundación en el año 1980, se ha dedicado ininterrumpidamente al ejercicio de la profesión, brindando a sus clientes corporativos una amplia gama de servicios legales, en el área jurídica de recursos humanos, tanto en tareas de asesoramiento como en materia contenciosa. Recientemente, nuestra entidad Sagardoy Legal & Expat, S.L.P. es la encargada de realizar todas las actividades relacionadas con Expert Group.",
191791,Slaughter and May,Promotes their own interests or the collective interests of their members,https://www.slaughterandmay.com/,"2024-2-18, 23:00","50,000",0.40000000596046,,"Association of Financial Markets in Europe (AFME) 
International Capital Markets Association (ICMA)
The CityUK","Slaughter and May is a leading international law firm with a worldwide corporate, commercial and financing practice. The firm advises on significant international mandates involving over 140 countries annually. In all areas we have in-depth knowledge and experience of EU legislation and rules which we apply in addressing the needs of our clients.",Slaughter and May engages mainly through its London and Brussels based Financial Regulation practice on covered activities under the Transparency Register.
193945,FratiniVergano - European Lawyers,Advances interests of their clients,http://www.fratinivergano.eu/en/,"2021-11-4, 23:00","10,000",0.20000000298023,,,"The firm is specialised in European and international law. In particular, EU competition and internal market law; WTO and EU trade law; EU agricultural and food law. The firm has an important industry focus, its lawyers having significant experience in the sectors of digital services and data protection, agriculture and food, commodity trade and procurement.",
194049,Baker Botts (Belgium) L.L.P.,Advances interests of their clients,https://www.bakerbotts.com/,"2022-8-1, 22:00","300,000",0.30000001192093,in-person events and webinars on EU competition law and energy regulatory developments; updates and alerts sent to clients and contacts on such developments.,"American Chamber of Commerce to the EU, American Bar Association, International Bar Association, multiple national bar associations, EMLO (European Maritime Law Organisation), Women@Competition network","Baker Botts is a global law firm which provides advice and representation on a range of legal issues across one or more jurisdictions, such as litigation, corporate transactions, finance and tax.  We also advise on a range of EU-law related issues, primarily in the field of competition law (such as EU merger  control and investigations), as well as in on EU sanctions and regulatory issues.  Further information on the services we offer can be found at www.bakerbotts.com",
194206,ERNST | RECHT Anwaltskanzlei,Promotes their own interests or the collective interests of their members,,"2023-9-6, 22:00","25,000",0.20000000298023,"Vortragsveranstaltungen, rechtliche Stellungnahmen zur Umsetzung europarechtlicher Vorgaben","DGAW Deutsche Gesellschaft für Abfallwirtschaft e.V.
DWA Deutsche Vereinigung für Wasserwirtschaft, Abwasser und Abfall e. V.
Rechtsanwaltskammer Berlin","Die ERNST | RECHT Anwaltskanzlei berät Mandanten im Zusammenhang mit umweltrechtlichen Fragestellunge, insbesondere zum Abfall-, Wasser-, Immissionsschutz- und Bodenschutzrecht.",
195878,Hogan Lovells International LLP,Advances interests of their clients,http://www.hoganlovells.com,"2017-12-20, 23:00","50,000",1.0,"-DMA and DSA:
https://www.hoganlovells.com/~/media/hogan-lovells/global/knowledge/topic-centers/dsa/DSA_DMA_Hogan_Lovells_Taskforce_Team_2March2021_web.pdf
https://www.hoganlovells.com/de/publications/digital-mergers-act-die-rueckwirkungen-des-dma-auf-die-fusionskontrolle-in-digitalen-maerkten
https://www.hoganlovells.com/~/media/hogan-lovells/global/knowledge/topic-centers/dsa/dsa_dma_teaser_hogan_lovells_teaser_08feb2021.pdf

- FSR and FDI:
https://www.hoganlovells.com/en/events/the-eu-foreign-subsidy-regulation
https://www.engage.hoganlovells.com/knowledgeservices/news/global-foreign-direct-investment-fdi-legal-guide
https://www.hoganlovells.com/en/events/fdi-fsr-outbound-investment-screening-navigating-the-new-challenges-of-global-ma-transactions

- Sanctions:
https://engagepremium.hoganlovells.com/sanctions
https://www.engage.hoganlovells.com/knowledgeservices/viewContent.action?key=Ec8teaJ9Vap8btS9GevqFF7eOOGbnAEFKCLORG72fHz0%2BNbpi2jDfaB8lgiEyY1JAvAvaah9lF3dzoxprWhI6w%3D%3D&nav=FRbANEucS95NMLRN47z%2BeeOgEFCt8EGQ0qFfoEM4UR4%3D&emailtofriendview=true&freeviewlink=true


- EU AI Act:
https://engagepremium.hoganlovells.com/resources/ai-hub

- Stem Cell regulation
https://www.engage.hoganlovells.com/knowledgeservices/viewContent.action?key=Ec8teaJ9VarTUdutmoAfO17eOOGbnAEFKCLORG72fHz0%2BNbpi2jDfaB8lgiEyY1JAvAvaah9lF1P4Yhmok33cA%3D%3D&nav=FRbANEucS95NMLRN47z%2BeeOgEFCt8EGQ0qFfoEM4UR4%3D&emailtofriendview=true&freeviewlink=true","Brussels Chamber of Commerce, Trans-Atlantic Business Council (TABC), European Food Law Association, Women's Law Network, multiple national bar associations, American Bar Association, German Antritrust Lawyers Association (Studienvereinigung Kartellrecht), Forum Investitionskontrolle","Hogan Lovells is a global law firm offering extensive experience and insights gained from working in some of the world's most complex legal environments and markets for corporations, financial institutions and governments. Working at the intersection of business and government, our lawyers have significant EU law experience and a detailed knowledge and understanding of the European institutions. The focus of our work is on legal advice that does not fall within the scope of the register (i.e. advice to clients on legal or administrative proceedings, on compliance with law, on the impact of regulatory changes, and representation in legal proceedings). However, Hogan Lovells also offers to support clients, via representation or mediation, in their participation in the EU's political processes including the provision of tactical or strategic advice and the drafting of advocacy material.",
196299,Hausfeld Rechtsanwälte LLP,Advances interests of their clients,www.hausfeld.com,"2024-4-11, 22:00","60,000",0.449999988079071,,https://www.hausfeld.com/de-de/legal-notices/impressum/,"Hausfeld ist eine auf Prozessvertretung spezialisierte internationale Wirtschaftskanzlei mit Büros in den USA und in Europa. Neben dem Bereich des Kartellschadensersatzes, in dem Hausfeld weltweit als eine der führenden Kanzleien gilt, berät Hausfeld bei höchst komplexen Streitigkeiten mit oftmals internationalen Bezügen u.a. im Bereich Finanzdienstleistungen, Umwelt- und Verbraucherschutz, Sport und Unterhaltung und Menschenrechte. Die Kanzlei nimmt zudem auch eine Vorreiterrolle bei Fragen des Wettbewerbs auf digitalen Märkten und Online-Plattformen ein und hat in der Vergangenheit zahlreiche Pionierentscheidungen erstritten. Zu Hausfelds Mandant*innen zählen multinationale Konzerne, öffentliche Einrichtungen und kleine und mittlere Unternehmen aus dem Einzelhandels-, Transport- und Automobilbereich sowie aus dem Bereich der Informationstechnologie.",Partner und angestellte Rechtsanwälte
196504,Mayer Brown Europe-Brussels LLP,Advances interests of their clients,http://www.mayerbrown.com/locations/Brussels/,"2015-2-19, 23:00","50,000",0.34999999404,,"International Chamber of Commerce
International Bar Association
International Law Association
Barreau de Bruxelles Ordre Francais
Nederlandse Orde Van Advocaten Bij de Balie te Brussel
Amcham EU
Amcham 
Cercle du Lac
Cercle de Lorraine
Magnus-Haus
Club of Rome
Fondation Universitaire
Wirtschaftrat
Union Wallonne des enterprises
Studienvereinigung Kartellrecht e.V.
Nanotechnology Industries Association","Mayer Brown Europe-Brussels LLP provides counseling, litigation, investigation and strategic advice to clients in relation to EU law and the EU's institutions and courts.",A number of Mayer Brown Europe-Brussels LLP professionals may be sporadically involved in activities described under heading 9. In any case the percentage of working time devoted to these activities would be well below the 25% threshold.
196663,Studio Legale Danzi,Promotes their own interests or the collective interests of their members,https://avvocatodanzi.it/,"2024-4-4, 22:00","25,000",1.0,,"Association of International Energy Negotiators (AIEN), International Nuclear Law Association (INLA).","The law firm provides extrajudicial and judicial assistance to leading players in the energy sector (traders, downstream sales companies, investors in renewable energy and power producers).",
196748,Becker Büttner Held PartGmbB,Advances interests of their clients,http://www.beckerbuettnerheld.de,"2016-1-20, 23:00","200,000",3.0,Representative Office to the European Renewable Energies Federation (EREF),,"Becker Büttner Held (BBH), a joint consulting firm of lawyers, accountants and tax Auditors. BBH provides comprehensive advisory with the main focus on the energy and infrastructure industry. Further practice areas: media and copyright law, tax law, auditing, civil and commercial law, public law.",
197481,White & Case LLP,Advances interests of their clients,https://www.whitecase.com/,"2023-5-17, 22:00","25,000",0.10000000149012,We do not carry out any communication activities covered by the Register.,,"White & Case is a global law firm with longstanding offices in the markets that matter today. Our on-the-ground experience, our cross-border integration and our depth of local, US and English-qualified lawyers help our clients work with confidence in any one market or across many. We guide our clients through difficult issues, bringing our insight and judgment to each situation. Our innovative approaches create original solutions to our clients' most complex domestic and multijurisdictional deals and disputes. By thinking on behalf of our clients every day, we anticipate what they want, provide what they need and build lasting relationships. We do what it takes to help our clients achieve their ambitions. Further information on our values can be found here:https://www.whitecase.com/firm/our-firm","We do not have a dedicated government affairs practice. Our lawyers and employees primarily provide legal services. In connection with those services, certain of our lawyers may periodically carry out activities covered by the IAA, and this represents a small fraction of their time. In total, covered activities represent significantly less than 1 FTE."
197687,Fragomen Global LLP,Promotes their own interests or the collective interests of their members,http://www.fragomen.com,"2016-8-17, 22:00","10,000",2.25,,,"Fragomen is a global firm dedicated exclusively to providing  immigration services on behalf of its clients. With its exclusive focus on immigration, Fragomen is positioned to gather information and assess the impact of immigration policies across a broad variety of industries, as well as on individuals seeking residence or employment visas. Due to our depth of immigration experience, we may inform and advise EU institutions on immigration policies or procedures where appropriate and when requested.",
198089,"BLN PALAO ABOGADOS, S.L.P.",Promotes their own interests or the collective interests of their members,,"2023-6-13, 22:00","50,000",0.5,,"Spanish Tax Advisors Association (www.aedaf.es)
Madrid Bar Association (www.icam.es)
International VAT association (www.vatassociation.org)","BLN PALAO ABOGADOS es una firma española que asesora a todo tipo de clientes (nacionales e internacionales) en materias relacionadas con aduanas, IVA e impuestos especiales y fiscalidad medioambiental. Nuestra finalidad es ayudar a nuestros clientes a reducir los costes impositivos asociados a su operativa aduanera y fiscal. Tenemos una vocación académica importante ya que impartimos clases en todas estas materias en centros de estudios superiores, tanto privados como públicos (universidades). Promovemos cualquier tipo de actividad de investigación relacionada con cualquiera de estas áreas de especialidad, con el objeto de participar en la redacción y/o modificación de las normas que afectan a estas tres áreas de especialidad.",
198603,SMM Legal Maciak Mataczyński Czech sp.k.,Advances interests of their clients,www.smmlegal.pl,"2023-12-13, 23:00","10,000",0.20000000298023,,,"Kancelaria prawna zapewniająca profesjonalne wsparcie w obszarze transformacji energetycznej, transformacji cyfrowej i transformacji gospodarczej.",Dwóch współpracowników (prawników posiadających uprawnienia do wykonywania zawodu w Polsce).
198879,"Maravela, Popescu & Asociații SPRL",Promotes their own interests or the collective interests of their members,https://www.mprpartners.com/,"2023-1-8, 23:00","25,000",0.949999988079071,"We have attended various European Union level events on energy matters, organised by various associations, sector related authorities and independent companies. Furthermore, our team members are actively involved in numerous policy-making workgroups, including energy, of the American Chamber of Commerce in Romania, the British Romanian Chamber of Commerce and Romania Wind Energy Association. In addition, we have published articles on energy, including renewable energy matters, available on our website (https://www.mprpartners.com/expertise/energy-natural-resources/?pub).","Bucharest BaR
International Bar Association (IBA)
New York Bar Association
International League of Competition Law
International Business Law Consortium (IBLC)
The Romanian-German Chamber of Commerce (AHK)
The Romanian-Ukrainian Chamber of Commerce (CCRBU)
British Romanian Chamber of Commerce (BRCC)
American Chamber of Commerce in Romania (AmCham)
BOKS International network
Romania Wind Energy Association (RWEA)
European Solar Photovoltaic Industry Alliance","We are part of several organisations involved in advocacy initiatives, actively participating in taskforce committees on, amongst others, Energy, Real Estate, Competition and State Aid, which frequently receive requests for opinions and amendments from public authorities, consequently allowing us to effectively promote our standpoints and comments on the respective initiatives, taking also into account the context of European Union legislation. As the overall energy market tendency is to move rapidly towards renewable energy and the legislation does not always keep up with the market development, we are especially interested in advocating for national and European Union legislation tailored to the needs of the market. Thus, our aim is to contribute to the development of the renewable energy sector, both at national and European Union level.",
199208,Food Law Science & Partners,Advances interests of their clients,https://foodlawscience.eu/,"2024-1-22, 23:00","25,000",0.5,"Articles written such as: 

- Food safety and innovation : is the Novel Food Regulation fit for purpose? ERA, November 2023
- Affichage nutritionnel :  la Commission européenne va-t-elle renoncer ? Les Marchés, juin 2023
- Etikketering op de voorkant van de verpakking – ‘Van Boer tot bord’ strategie komt verder tot uitvoering, FoodProcess, 9 March 2022
- Labelling and the Farm to Fork Strategy: The Commission is moving towards mandatory front-of-pack nutrition labels, FoodNavigator, 16 February 2022
- The future of organic farming in Europe: How the new Regulation tightens the rules, FoodNavigator, 2 March 2021
- ‘Europa gedwongen clean label te harmoniseren als onderdeel van Farm-to-Fork-strategie’, VMT, 20 September 2021
- Le Nutri-Score va-t-il être détrôné ?Les Marchés, 17 December 2021
- EU Health claims referring to botanicals: back in the spotlight amid the current crisis? FoodNavigator, May 2020
- The problem with health claims and nutrient profiles, EU Food Law, March 2016",,Accompany and help the food business operators place their innovative ingredients on the European market,"We are a law firm and as such we are not active on EU Platforms.
Nevertheless, as a food law firm, our lawyers (2) work full time for their clients in relation with exclusively food law.
Plus 2 regulatory scientists, one paralegal and one trainee.
Food Law is our daily work."
199213,BLOMSTEIN Partnerschaft von Rechtsanwälten mbB Stein Friton Klasse Huttenlauch,Advances interests of their clients,https://www.blomstein.com/,"2022-6-7, 22:00","20,000",0.30000001192093,Wir haben unsere Mandanten bei dem Entwurf eines Positionspapiers unterstützt und begleiten sie bei Treffen mit Beamten verschiedener EU-Institutionen und EU-Mitgliedstaaten.,"Bundesverband der Deutschen Sicherheits- und Verteidigungsindustrie e.V. -  BDSV (https://www.bdsv.eu/home.html)

DWT Deutsche Gesellschaft für Wehrtechnik e.V. (https://www.dwt-sgw.de/)

forum Vergabe e.V. (https://forum-vergabe.de/)

Berliner Gesprächskreis zum Europäischen Beihilfenrecht e.V. (http://www.berliner-gespraechskreis.eu/)

Studienvereinigung Kartellrecht e.V. (https://www.studienvereinigung.de/)

International Bar Association (https://www.ibanet.org/)

American Bar Association (https://www.americanbar.org/en/)

International Association of Young Lawyers (https://www.aija.org/)

Bitkom e.V. (https://www.bitkom.org/)

Europäisches Forum für Außenwirtschaft e.V. (https://www.efa-muenster.de/)

DICO Deutsches Institut für Compliance e.V. (https://www.dico-ev.de/)","BLOMSTEIN ist eine  Rechtsanwaltskanzlei mit Spezialisierung auf die Gebiete Vergabe-, Kartell-, Beihilfe- und Außenwirtschaftsrecht sowie Compliance. Zu unseren Mandanten zählen große und mittelständische Unternehmen ebenso wie öffentliche Auftraggeber im In- und Ausland. Wir beraten unsere Mandanten zu rechtlichen Fragen ihres operativen Geschäfts und begleiten unsere Mandanten bei Verfahren vor Behörden und Gerichten ebenso wie bei der regulatorischen und kartellrechtlichen Gestaltung komplexer Transaktionen. Ausländische Mandanten beraten wir häufig zu ihrem Einstieg in den deutschen und europäischen Markt.","1 Person 5% (Associate)
2 Person 5% (Associate)
3 Person 2,5% (Partner)"
199377,Basdevant Avocats,Advances interests of their clients,www.basdevant.tech,"2023-7-9, 22:00",0,0.10000000149012,No communication activities already undertaken at this stage,"AI Forensics
https://aiforensics.org",Défendre et représenter des organisations publiques ou privées évoluant dans le secteur de l'innovation et des nouvelles technologies.,
199380,Dr. Christina Berking,Advances interests of their clients,https://buse.de/anwaelte/christina-berking/,"2023-10-24, 22:00","25,000",0.5,"Commission expert sub-group on ""dialogue with the Art Market""",Interessengemeinschaft Deutscher Kunsthandel (http://interessengemeinschaftdeutscherkunsthandel.de/),"Dr. Christina Berking vertritt die Interessengemeinschaft Deutscher Kunsthandel, die Dachorganisation der sechs größten deutschen Kunsthandelsverbände: Kunsthändlerverband Deutschland e.V., Bundesverband Deutscher Kunstversteigerer e.V., Verband der deutschen Münzenhändler e.V., Verband Deutscher Antiquare e.V., Berufsverband des Deutschen Münzenfachhandels e.V., Bundesverband Deutscher Galerien und Kunsthändler e.V. Die Interessengemeinschaft Deutscher Kunsthandel vertritt rund 1000 Mitgliedsunternehmen aus den Bereichen Kunsthandel, Antiquariatsbuchhandel, Münzenhandel und Kunstauktionen. Die Interessengemeinschaft setzt sich für die Verbesserung der Rahmenbedingungen für den Handel mit Kulturgütern ein.",
199439,Freshfields Bruckhaus Deringer LLP,Advances interests of their clients,http://www.freshfields.com/en/global,"2015-10-21, 22:00","570,000",5.0,"We work with our lawyers globally to share insights on the most complex legal challenges, be it in relation to digitalisation, sustainability and competition/trade. In doing so, we produce blogposts, podcasts and briefings relating to the EU policies mentioned above. Our thinking can be found here: https://www.freshfields.com/en-gb/our-thinking/","American Chamber of Commerce to the European Union; British Chamber of Commerce in Belgium; European Capital Markets Institute; QED, Society of European Affairs Professionals (SEAP); FIA; Cámara; multiple national bar associations.","We are a global law firm with a long-standing track record of successfully supporting the world’s leading national and multinational corporations, financial institutions and governments on groundbreaking and business-critical matters. The firm’s 2,800-plus lawyers deliver results worldwide through their own offices and alongside leading local firms. The firm’s commitment, local and multinational expertise, and business acumen means their clients rely on the firm when it matters most. Having a shared purpose and set of values gives us a common sense of identity. It sets a collective direction as we navigate the future for our clients and our people and ensures we continue to be a sustainable and responsible business. Further information on our purpose and values can be found here: https://www.freshfields.com/en-gb/about-us/purpose-and-values/","While Freshfields has 22 people engaged in activities falling under the register, 7 spend under 50 percent of their working time on such activities and 15 spend significantly below 10 percent. The FTE should therefore be less than 5.5. However, 10 percent is the minimum that can be chosen for each person involved from the organisation expressed in percentage of working time."
199581,Grimaldi Studio Legale,Advances interests of their clients,www.grimaldialliance.com,"2023-11-26, 23:00","100,000",5.0,,,"Grimaldi Alliance assists European institutions and private clients covering all areas of European law and its implications on national level.Grimaldi Alliance provides legal advice in both contentious and non-contentious matters and in relation to the major areas of practice at national, EU and International level. Grimaldi Alliance professionally guides clients through the legislative and EU decision-making process. Based on their previous roles, the public affairs team holds great knowledge of the decision-making process in the EU and key stakeholders, positioning us among the top advisors on regulatory matters in Brussels.",
199720,Geradin Partners Newco,Advances interests of their clients,https://www.geradinpartners.com/,"2022-9-8, 22:00","160,000",0.10000000149012,,,"We are a specialist competition law, competition litigation and digital regulation firm based in Brussels, Netherlands, London and Paris. Our team of lawyers is at the cutting edge of these issues having acted on many of the leading European and UK cases and held senior competition agency positions.",
199854,Pappas & Associates,Advances interests of their clients,www.pappaslaw.eu,"2024-4-6, 22:00","50,000",3.5,,"Bar of Brussels (http://www.barreaubruxelles.be)
Bar of Athens ( https://www.dsa.gr )
Cercle Royal Gaulois ( https://cercle-gaulois.be/#pano14/0.0/-4.9/83.0 )","Focus areas: a. competition law (antitrust, merger and acquisitions, state aids); b. Internal Market cases (such as public procurement, the free movement of goods and of capital, the free provision of services and the freedom of establishment, digital and energy single market: audiovisual policy, advertising rights, digital safety, internet privacy, public v. private broadcasting, liberalization of electricity markets renewable sources, AI); c. Health and Environmental policies (chemicals, cosmetics and medical products, air and water pollution, Natura, waste, animal welfare, consumer protection, feed additives, food law, health claims, labeling, plant protection products). Moreover, Pappas & Associates has extensive experience in maritime transport (classification societies, ), as well as in taxation, excise duties, energy policy and banking sector. It is active at the regulatory level, mainly before the European Commission, and at litigations before the CJEU.",
199966,GATE AVOCATS,Advances interests of their clients,www.gate-avocats.com,"2024-6-20, 22:00","10,000",0.25,,,Law firm,
200084,"B2R Law Jankowski, Stroiński, Zięba i Partnerzy, Adwokacka Spółka Partnerska",Promotes their own interests or the collective interests of their members,https://b2rlaw.com/,"2022-8-30, 22:00","10,000",0.20000000298023,,"International Fraud Group (IFG), 
Polish-Canadian Chamber of Commerce, 
Interact Law, 
Polish Private Equity and Venture Capital Association (PSIK), 
Greener Litigation, 
Vestbee.","B2RLaw operates not only locally but across the CEE region from our offices in Poland. We support our Polish clients’ operations worldwide as well as non-European clients’ on entry to both the Polish and European market. Where necessary, we call upon our international network of best-in-class contacts. We are also strongly committed to supporting the largest Polish and international business organizations.

Social responsibility, diversity and inclusion are integral to both our internal and external culture. It is a mission statement that reflects our core values. Though the primary goal of our lawyers is to dedicate themselves to B2R’s business clients, they strongly engage in pro bono work. B2RLaw takes great pride whenever its lawyers are recognized for pro bono work, most recently by the Polish Ombudsman.

We want to participate in building fair rules which will make European entrepreneurship more accessible and help EU located firms improve their business globally.",
200485,ARNAUD AVOCATS ASSOCIÉS,Advances interests of their clients,https://www.arnaud-avocats.fr/fr/,"2022-5-31, 22:00","50,000",2.0,Nous participons à des conférences en rapport avec les accords entre l'UE et le Japon ainsi qu'à des rassemblements de professionnels des Legal Techs dans la Silicon Valley. Nous représentons ces Legal Tech auprès de l'Union européenne en tant que membres de l'association ITechLaw et du Silicon Valley Mediation and Arbitration Center. Nous communiquons sur les réseaux sociaux du cabinet à propos des politiques environnementales et plus particulièrement de la protection des abeilles et de l'interdiction des pesticides.,"Team Europe Direct
Cercle Européen Citoyennetés et Identités
Institut des Hautes Études de Défense Nationale
ITechLaw
Silicon Valley Mediation and Arbitration Center
Collège de Déontologie de APHM
Espace Ethique Méditerranéen
Médiation 30
Institut nîmois des avocats conseils
Institut des avocats du Barreau de Nîmes
Centre international de la Médiation
Chambre de Commerce et de l'Industrie France-Japon","Nous avons développé un réseau de contacts et de relais d’informations sur les questions européennes, le tout étant issu de toute notre expérience auprès des institutions européennes, partenaires et relais dans différents États membres de l’UE. Nous aidons nos clients à définir une stratégie opérationnelle face aux enjeux législatifs et décisionnels de l'UE sur la base d’une veille juridique. Nous constituons aussi des réseaux efficaces parmi nos partenaires et relais européens en participant à nos séminaires à Bruxelles, Paris et Marseille.
Nos activités tournées vers l'innovation technologique, avec des travaux concernant le lobbying ou les modes alternatifs de résolution des différends, nous disposons d'un réseau dans la Silicon Valley et représentons les Legal Techs auprès des institutions européennes.
Nous intervenons pro bono pour l'ensemble des organisations de la société civile que nous représentons.",
200644,Giulio Marini,Does not represent commercial interests,,"2011-8-3, 22:00",0,1.0,32000 Followers Twitter account used as a mean to share informations on policies as indicated in the Policies Targeted Heading,DROITUNIFORME.EU,"The law firm is involved in regular practice ( civil, criminal and commercial), but over time we have obtained better results in lobbying on specific cases rather than managing them only before national Courts.
Accordingly , many issues concerning EU laws have been succesfully resolved with Solvit and the EU Commission within a very short period of time , sometimes even faster than ordinary Court claims.
We have been focused on professional qualification, social security, taxation matter and fundamental rights protection.
Over time, the approach of involving the European Union in cases where EU laws were not properly applied by national authorities has helped before national Courts as well.
The firm is actually involved in supporting the enforcement of the Rule of Law in regard to human right violations caused by Sara based epidemiological crisis, and is committed to adopt an akin approach should the climate change theme eventually affect somehow  human rights",
200859,Steptoe LLP,Advances interests of their clients,http://www.steptoe.com,"2015-12-29, 23:00","80,000",0.25,"Framework Agreement - Law and Sovereignty - January 9, 2020
State Support and Competition Law in Times of a Pandemic -  May 2020
Online Platforms: A Competition Analysis of the New Ex-Ante EU Regulatory Instrument - July 23, 2020
Enforcement of Digital Markets: The European Commission's ""New Competition Tool"" - July 30, 2020
Staying Ahead of the EU Chemicals Strategy for Sustainability Webinar Series - 2023/2024
EU Chemicals, Environment & Sustainability Conference - 19 June 2023
Global impact of EU PFAS Restriction - 12 October 2023
Global trade talk - November 2023","Lex Mundi
International Bar Association
Chemical Industries Association
International Association of Privacy Professionals","For more than six decades, Steptoe has established a reputation for vigorous advocacy in complex litigation and arbitration, successful representation of clients before governmental agencies, and practical advice in guiding business transactions.  The firm is known for its ability to help clients solve multidimensional problems, particularly those with a governmental aspect.","Our practice consists mainly of ""activities not covered"" (as defined by the Inter-Institutional Agreement), namely: advisory work on the general legal situation; the existing legal environment; compliance with relevant law; and representation before the European courts and other judicial or administrative bodies.
Our professionals primarily provide legal services, they may be sporadically involved in activities described under heading 9, but this represents a small fraction of their time."
201008,MARYSE COPPET,Advances interests of their clients,http://www.marysecoppet.com,"2015-7-15, 22:00","155,000",2.5,"Ambassadrice du Pacte Climatique de l'UE
Partner de H2020 Insulae (autonomie energétique des îles)
coordinatrice Erasmus plus ACORN 
coordinatrice Erasmus plus CTUGI
Organisation de plusieurs séminaires auprès de collectivités","Mouvement Outre Mer. https://www.helloasso.com/associations/mouvement-outre-mer 
Marie Galante ile durable
Anticor","Cabinet d'avocats dont le domaine d'activité est le droit européen.
Fort d’années d’expertise en affaires européennes et en montage de projets européens, le Cabinet Coppet oeuvre à la prise en compte des socio-professionnels des associations et des élus des régions, dans les processus décisionnels nationaux et communautaires.

Basé à Bruxelles et en Guadeloupe, cette position stratégique offre au Cabinet une possibilité de champ d’action immédiat au niveau européen, tout en étant pleinement conscient des problématiques et enjeux des territoires .",
201083,Alber & Geiger,Advances interests of their clients,https://albergeiger.com,"2011-9-18, 22:00","1,850,000",12.5,,,"Alber & Geiger is a leading EU government relations law firm. Our firm represents clients' interests at the highest political level, in the international and the EU's political and legislative processes. 

Foreign governments, embassies, international corporations, and associations rely on Alber & Geiger to help them respond to problems and developments in Brussels and the EU Member States’ capitals. We are known for getting things done.

Our team consists of high-ranking former EU officials, diplomats, politicians, and EU
lawyers.",
201135,Deloitte Legal StArl SB,Promotes their own interests or the collective interests of their members,https://www2.deloitte.com/it/it/services/legal.html?icid=top_legal,"2024-8-4, 22:00","700,000",5.0,"Deloitte Legal consistently publishes contents on AI and is part of the Deloitte AI Institute set up by the Deloitte Network to study the AI & GenAI phenomenon (https://www2.deloitte.com/us/en/pages/deloitte-analytics/articles/advancing-human-ai-collaboration.html.html.html/#filter=.generativeai). Deloitte has a cross-business, global, approach to Generative AI with a goal to exponentially accelerate demand and supply of relevant capabilities through industry, ecosystem partnerships, and account penetration strategies.",Deloitte Legal is part of several national and international organizations such as ASLA (https://www.aslaitalia.it/),"Deloitte Legal Italy is an Italian multi-practice law firm part of the global Deloitte network. Deloitte Legal addresses its clients' challenges with comprehensive thinking, powered by experience and insights drawn from diverse business disciplines, industries, and global perspectives. It brings together legal advice, strategy, and technology to develop innovative solutions, create value for its clients and its clients business, and transform the way in which legal services are delivered and consumed. Deloitte legal aims to be a pioneer in transforming the legal profession, positioning itself within an unprecedented legal context to contribute to the evolution of the profession and technological application in the digital age, and to simplify access and application of the law at all levels. Deloitte Legal has already entered the era of hybrid intelligence: a new professional evolution is underway, based on the symbiosis between human intelligence and artificial intelligence.","The IP & Technology team within Deloitte Legal will be devoted to support in the project, they are all lawyers or trainee lawyers with experience and knowledge of AI and have been involved in AI projects already. The activity will be coordinated by a lawyers specialized in Technology with more than 15 years of experience."
201177,Hirsbrunner,Advances interests of their clients,www.shirsbrunner.com,"2022-2-21, 23:00","10,000",0.5,"- Teilnahme an Konferenzen und Tagungen
- Beratung von Mandanten im Zusammenhang mit laufenden Konsultationen und Gesetzgebungsprojekten
- Organisation von Treffen mit Experten
- Veröffentlichung von Updates (https://shirsbrunner.com/de/news-insights/) und vertieften Publikationen (https://shirsbrunner.com/de/ausgewaehlte/)","https://www.rak-dus.de
https://www.baliebrussel.be","Beratung von Unternehmen, Verbänden und öffentlichen Körperschaften zu Fragen des EU-, deutschen und Schweizer Wettbewerbsrechts und verwandten Rechtsgebieten, insbesondere im Energiesektor, dem Finanzdienstleistungssektor und dem Luftverkehr.",
201433,Ijdelea & Associates SPRL,Advances interests of their clients,https://ijdelea.ro/,"2023-3-14, 23:00","10,000",1.0,"IA aims to provide general legal assistance to its client Black Sea Oil & Gas SA and to provide support by participating in calls and meetings, attending discussions with other consultants and policymakers.","IA is a member of Tag Alliances. 
https://www.tagalliances.com/","We are a law firm based in Romania. We provide advice in all practice areas, with a particular focus on Mergers & Acquisitions, Energy & Natural Resources, Corporate & Commercial Law, Dispute Resolution, Environmental Law, Regulatory and Compliance Matters, and Real Estate & Construction.",
201729,Legale Genchi,Promotes their own interests or the collective interests of their members,http://www.legalegenchi.it,"2014-8-1, 22:00","10,000",1.0,"- High-level Conference on Tourism;
- International Democracy Day;",,"Legale Genchi, dall’anno 2014, svolge l’attività di Lobbying al fine influenzare, direttamente o indirettamente, l’elaborazione e l’attuazione delle politiche Legislative ed il processo decisionale delle Istituzioni, con particolare attenzione alla formazione normativa.
Il nostro obbiettivo é quello di seguire il cliente in tutte le fasi decisionali della propria attività, esaminando le varie scelte attraverso un profilo giuridico ed economico, ponendoci altresì in relazione con le Istituzioni e i decisori Pubblici.
Lo Studio inoltre si occupa di consulenza e assistenza Legale stragiudiziale e giudiziale, con particolare attenzione all'assistenza nei processi di Alternative Dispute Resolution.
In specie vengono altresì affrontate anche  le problematiche connesse all'attività delle Imprese Commerciali, Terzo Settore (Associazioni di categoria, Onlus, ONG), Enti Ecclesiastici e Enti Pubblici offrendo un apporto di Problem solving.",
201792,Norton Rose Fulbright LLP,Advances interests of their clients,http://www.nortonrosefulbright.com/uk/,"2016-9-20, 22:00","75,000",3.5,"We work with our clients through the entire legislative process from initial objectives, through legislative review to new law, from implementing measures to application. We help helps manage their submissions to European institutions, national public authorities and international standard-setting bodies.","Law Society, ISDA, FIA Europe, AFME, Investment Association","Norton Rose Fulbright LLP is a member of Norton Rose Fulbright which is a multinational law firm, with more than 3,800 lawyers in over 50 cities worldwide. 

The Government Relations Regulation and Public Policy Practice advises clients on legislative and regulatory matters pertaining to a broad range of EU policy areas. We provide our clients with technical and strategic advice on relevant policy developments at a European, national and international level. Engagement with the EU institutions is essential to providing this advice.",
202037,"CBH Rechtsanwälte, Cornelius Bartenbach Haesemann & Partner, Partnerschaft von Rechtsanwälten mbB",Promotes their own interests or the collective interests of their members,https://www.cbh.de,"2021-4-14, 22:00","10,000",2.0,"Teilnahme an Veranstaltungen und Treffen

10. CBH-Fachtagung Energie | 07. September 2023

Referent der EU-Kommission, Brüssel

Infrastruktur & Energiewende – gelingt der rechtzeitige Ausbau?
• Leitungsausbau für Strom, Gas und Wasserstoff
• Erfahrungen mit dem TEN-E Rahmen und Revision",Mitglied im Netzwerk IUROPE (Kooperation europäischer Anwaltsgesellschaften): www.iurope.eu,"Die Wahrung der Interessen unserer Mandanten ist unser oberstes Ziel. Für jedes Mandat, das uns angetragen wird, ist es uns Herausforderung und Ansporn, die bestmögliche juristische und wirtschaftliche Lösung zu finden oder zu entwickeln. Als eine der 50 größten Wirtschaftskanzleien in Deutschland berät und vertritt CBH in unterschiedlichen Fachbereichen eine Vielzahl national und international tätiger Unternehmen, öffentlich-rechtlicher Körperschaften, Wirtschaftsverbände, Stiftungen und Einzelpersonen. Mit dem Büro in Brüssel vertiefen wir die Beratung im europarechtlichen Fragestellungen.",
202125,Linklaters LLP,Advances interests of their clients,http://www.linklaters.com,"2012-1-29, 23:00","60,000",4.0,,"Global Competition Law Centre, International Competition Network, British Chamber of Commerce to the EU, American Chamber of Commerce to the EU, European Fund and Asset Management Association, Association for Financial Markets in Europe, ISDA","Linklaters LLP is a global law firm, whose lawyers are leading experts in their fields. Their advice is sought by the world’s largest companies, financial institutions and governments. The firm, however, does not seek instructions aimed at influencing the formulation or implementation of EU policy otherwise than in connection with the provision of legal advice to its clients.",
202242,KMLZ Rechtsanwalts GmbH,Promotes their own interests or the collective interests of their members,www.kmlz.de,"2022-8-1, 22:00","10,000",0.20000000298023,"We have applied for a membership in the VAT Expert Group of the TAXUD. We are planning to provide comments and suggestions to the TAXUD with respect to legislative regarding VAT, such as the proposal amending the EU VAT Directive (112/2006/EC) under the initiative ""VAT in the Digital Age"".","We are an official member of the Institut für Digitalisierung im Steuerrecht (TR ID: 878255144626-94), https://idst.tax/wp-content/uploads/2022/07/IDSt-Mitglieder-28.07.2022.pdf and of the International VAT Association (TR ID: 41440872023-73).","Harmonization of VAT, creating a level playing field, fighting fraud and creating a simple and robust VAT system are key to the future development of VAT. As VAT experts, not only with a German but also an international focus, it is our desire to contribute to achieving these goals.",
202475,Biriș Goran SPARL,Promotes their own interests or the collective interests of their members,https://birisgoran.ro/,"2022-8-21, 22:00","50,000",0.699999988079071,"-   Regular professional articles on VAT matters signed by Gabriel Biriș in well-known Romanian press organizations;
-   Debates and other forms of public interventions in specialized conferences or in central or local TV/radio on matters of interest;
-   Constant education of the general public on fiscal regulation matters on our website https://birisgoran.ro (newsletters, tax and legal alerts, opinions) and our social media presence on platforms such as Facebook and LinkedIn;
-   Participation in the most prestigious national forums on tax-related matters.","Member of the Bucharest Bar - https://www.baroul-bucuresti.ro/ (Natural Member - Mr.  Gabriel Biriș)
Member of the National Insolvency Practitioners Union in Romania (UNPIR) - https://www.unpir.ro/ (Natural Member - Mr. Gabriel Biriș)
Member of the Romanian Chamber of Tax Advisors - the Romanian regulatory body of the tax advisory profession - https://www.ccfiscali.ro/ (Natural Member - Mr. Sorin Biban)
Member of the Tax Committee of the American Chamber of Commerce - https://www.amcham.ro/ (Legal Person membership)","Biriș Goran is a well-established, well known law firm in Romania, addressing all areas of practice - Tax, Competition and Antitrust, Dispute Resolution, Real Estate, Energy and Sustainability, Banking & Finance, Commercial, Corporate and M&A, Labour, Transfer Pricing, IP, IT & Data Protection.
We are best known for our long-term Tier 1 - ranked Tax Practice, and duly recognized by the most prestigious organizations in Europe - Chambers Europe & Legal 500 EMEA.
We are engaged and consult in various organizations part of the national discussion regarding the Romanian tax system, aiming at making it as efficient and operative as can be, as well as harmonize it best with the current and future EU system thinking.","Mr. Gabriel Biriș shall act as a representative on behalf of Biriș Goran SPARL organization, with Mr. Sorin Biban as an alternate representative, in all matters concerning the VAT Expert Group (Taxation and Custom Union DG – European Commission)."
202767,Pineda e Krahn Sociedade de Advogados,Advances interests of their clients,www.pinedaekrahn.com.br,"2024-8-6, 22:00","10,000",1.5,,Pacto Global da ONU,"Somos um escritório de advocacia que tem atuação internacional, especializado em questões ambientais.
Temos um time de especialistas que atuam na parte consultivo e contencioso. Nosso principal objetivo é prestar um serviço de qualidade, alinhado com as leis e com os objetivos do desenvolvimento sustentável.
No Brasil, temos uma sólida atuação para o Setor do Agronegócio.
Nosso trabalho está relacionado a consultoria para adequação à legislação europeia e também apresentar a realidade do Brasil aos europeus.","Três trabalhadores despendem, respetivamente, 10, 10 e 40  horas por semana com atividades abrangidas pelo registo, isto é, 60 horas, no total."
203006,AURA LEGAL S.B.T.A. a R.L.,Promotes their own interests or the collective interests of their members,https://auralegal.it,"2024-3-7, 23:00","10,000",0.25,"As mentioned above, Aura Legal's activities regarding the aforementioned EU policies have focused on organizing a variety of events, conferences, and training courses aimed at exerting influence at the European level to ensure integrated compliance with these regulations. Furthermore, each policy has been thoroughly analyzed and assessed for its impact, and for some of them, articles have been written and published on the website and social media channels.
An illustration of this is Aura Legal's engagement in the Global Legal Forum which took place in October 2023, in The Hague (NL). The forum centered on resilience and adaptation within the legal technology sectors, including artificial intelligence, legal operations, and legal compliance.",,"Aura Legal, as a Benefit company within the legal sector, prioritizes the continual delivery of excellent results to its clients while promoting sustainable and ethical legal practices. It focuses on upholding European regulations accurately, advocating for sustainability and equal opportunities, and offering specialized training and information services that facilitate tangible proposals within the European context. In this sense, within the European framework, Aura Legal aims to engage in lobbying activities with the purpose of influencing, directly or indirectly, the formulation and implementation of legislative policies and decision-making processes of institutions, with particular attention to regulatory formation. Furthermore, by engaging in regional CEUR activities, we meticulously oversee and present recommendations concerning clinical trials, ensuring alignment with European regulations. Finally, we have hosted numerous conferences addressing these subject matters.",
203040,ARTEMISIA,Advances interests of their clients,https://www.artemisia-lawyers.com,"2023-9-20, 22:00","50,000",0.75,"Afin de représenter ses clients auprès des institutions européennes, certains membres du cabinet se rendent fréquemment à Bruxelles dans le but de participer à des réunions et autres conférences et discussions. De plus, le cabinet se manifeste auprès des institutions par l’envoi de courriers ou courriers électroniques, présentant des positions sur les détails de telle ou telle initiative législative, pour le compte de ses clients.","Suite à une demande de précision de la part du secrétariat, nous indiquons que le cabinet Artemisia ne possède ni membre, ni société affiliée, ni filiale.

Dans le cadre de son activité de représentation d’intérêts, il travaille particulièrement pour l’association Artemisia AISBL, basée à Bruxelles. Malgré une identité de raisons sociales (noms), ces deux entités sont totalement distinctes aussi bien juridiquement que comptablement l’une de l’autre. C’est ainsi que le cabinet Artemisia ne fait pas partie des membres de l’association Artemisia AISBL. De même, aucun membre de l’association ne travaille au sein du cabinet. L’association Artemisia AISBL est une cliente du cabinet Artemisia, qui est mandaté pour représenter ses intérêts dans le cadre des procédures législatives menées au sein des institutions européennes. Le cabinet est ainsi bien un intermédiaire au sens des lignes directrices : il promeut les intérêts de sa cliente, l’association, auprès des institutions européennes, par l’exercice d’activités couvertes par le registre.","Spécialisé en droit de l’environnement, le cabinet d'avocats Artemisia exerce des activités habituelles de conseil et représentation en justice mais également de lobbying législatif. A ce titre, il exerce des activités de représentation pour le compte de ses clients (associations de protection de l’environnement et entreprises dont l’activité a trait à l’environnement principalement) auprès des institutions européennes dans le but d’influencer l’élaboration de nouvelles politiques et textes législatifs relatifs à la protection de l’environnement et aux questions agricoles (politique agricole commune, biodiversité semencière, commercialisation des semences, des OGMs, etc.).",
203150,Squire Patton Boggs LLP,Advances interests of their clients,http://www.squirepattonboggs.com/,"2016-7-31, 22:00","800,000",14.0,We currently do not have any related communication activities.,"AECA - The American European Community Association
AmChamEU - The American Chamber of Commerce to the EU","Squire Patton Boggs is a full service global law firm with more than 40 offices across 4 continents. In Europe we operate via 16 offices and more than 600 legal and policy professionals. With an established reputation for dedicated client service, we provide forward-looking counsel that integrates legal, regulatory and public policy advice.

Our European Public Policy Practice develops effective strategies to ensure that clients are heard at the right time and by the right people. Our experienced team helps clients to identify, assess and shape policies at EU or national level as well as within international bodies across Europe. 

For more information, please visit: http://www.squirepattonboggs.com/services/public-policy/european-public-policy",
203608,SAMMAN Cabinet d'avocats,Advances interests of their clients,https://cabinet-samman.com/en/accueil-english/,"2016-3-20, 23:00","320,000",2.25,"Most of our communications related to EU policies can be found on our website and social network. As a law firm specialized in public affairs, we assist clients in running their communication activities related to EU policies.","FIPRA, a cross-border network of public affairs specialists: https://fipra.com/global-fipra-network/
Cercle des délégués permanents français (CDPF): https://cdpf-asso.eu/
CCI France Belgique: https://www.ccifrancebelgique.be/
Think tank La villa numeris: https://www.lavillanumeris.com/
Think tank Rennaissance numérique: https://www.renaissancenumerique.org/","SAMMAN Law & Corporate Affairs is a law firm specializing in public and regulatory affairs and practicing in both Paris and Brussels. SAMMAN has a team of lawyers and consultants whose combined specializations contribute to an integrated approach to service delivery of public affairs (or ""government affairs"", or ""institutional relations"") to clients at French and EU levels.",
203794,"Elisabeth Opie, trading as Opie",Advances interests of their clients,https://www.elisabethopie.com,"2018-5-28, 22:00","180,000",0.5,"We assist clients with the preparation of government submissions and calls for public comments; and also engage with the European Commission, Members of the European Parliament and Members of the EU Council.","The International Association for the Protection of Intellectual Property https://aippi.org/
Licensing Executives Society http://www.les-germany.org/standard.xml?vpID=2 
The Florence Competition Programme (FCP), the European University Institute in Florence, Italy.
Rechtsanwaltskammer München https://rak-muenchen.de/
Law Society of England and Wales http://www.lawsociety.org.uk/
Solicitors Regulation Authority England and Wales https://www.sra.org.uk/home/home.page
Law Institute of Victoria, Australia https://www.liv.asn.au/
Law Society of Ireland, https://www.lawsociety.ie
German Australian Business Council http://gabc.eu/","Opie provides operational, tactical and strategic advice across a broad range of issues facing technology-centric companies. Our aim is to work with clients to convert concept to desired business outcome on an efficient and sustainable basis.

Our goal is to facilitate the creation, protection, use and exploitation of our client’s intellectual property assets in a managed risk and advanced governance environment. Our focus is on clients growing business relationships and opportunities in European and Australian markets.

In relation to IP and Trade Policy, we have extensive experience and ongoing engagement with many international policy and technical development fora, and ongoing engagement with countries around the world, regarding policy matters (in particular, IP and trade) and issues potentially impacting business.

In relation to IP and Competition Law, we have extensive experience regarding licensing, negotiations and dispute resolution.",
203920,Macchi di Cellere Gangemi,Promotes their own interests or the collective interests of their members,http://www.macchi-gangemi.com,"2016-9-13, 22:00","10,000",0.25,"Lo Studio ha fondato, nel 2006, un gruppo di studio internazionale (“VAT Europe”), in materia di IVA, al quale partecipano Studi esteri indipendenti di primario livello (taluni dei quali membri del VAT Expert Group [VEG], organo consultivo della Commissione UE): VAT Europe approfondisce, in occasione di incontri periodici, le più complesse ed attuali tematiche IVA: lo scopo del gruppo è altresì quello di proporre, agli organi comunitari, spunti di riflessione e commenti in merito alle normative in corso di emanazione (Proposte di Direttive, ad esempio), prospettando le istanze e le questioni sollevate dai rispettivi clienti. In occasione dei predetti incontri periodici, vengono non di rado invitati membri della Commissione UE.

Per completezza, si evidenzia come il Nostro Studio abbia espresso un membro del gruppo di esperti fiscali, nominato presso la Commissione Europea, per lo Studio delle problematiche connesse alla tassazione delle imprese nel mercato internazionale: l’esito di tale studio è stato pubblicato nel volume “Company  taxation in the international market” (COM(2001)582). Il Nostro Studio ha inoltre assistito la società Ford Credit Bank, innanzi alla Corte di Giustizia dell’Unione Europea, nel noto contenzioso C-210/04 del 23 Marzo 2006. 

Inoltre, un Socio dello Studio è attualmente Vicepresidente a livello mondiale dell'International Barrister Association (IBA), dopo aver rivestito il ruolo di Segretario Generale.

Naturalmente, nell’esercizio dell’attività sopra citata, lo Studio è portatore delle istanze e problematiche espresse, implicitamente o espressamente, dalla propria clientela.",INTERNATIONAL FISCAL ASSOCIATION,"Lo Studio svolge attività di consulenza e assistenza legale e tributaria a livello nazionale ed internazionale: la clientela è costituita prevalentemente da imprese multinazionali. 

Nel contesto delle predette attività, lo Studio - in primis il dipartimento fiscale - esprime pareri ed osservazioni che possano influire sul contenuto degli emanandi atti legislativi comunitari quali Direttive comunitarie, Regolamenti comunitari, Raccomandazioni, etc..",
203947,AWO Belgium BV (trading as AWO),Advances interests of their clients,https://www.awo.agency/,"2021-11-1, 23:00","10,000",3.0,,,"AWO is a law firm and consultancy that empowers individuals and organisations to uphold data rights, comply with the law and effect change in data protection and digital policy.",
204090,Cooley LLP,Promotes their own interests or the collective interests of their members,http://www.cooley.com,"2018-4-19, 22:00","25,000",0.5,"All projects, events and publications relating to competition, AI, new digital technologies, IP, product regulation, consumer protection and FDI.","Cooley LLP is a global law firm. Its lawyers in the US are regulated by their relevant state bar. Cooley (UK) LLP is registered by the Solicitors Regulation Authority. All Belgian lawyers in the Brussels office of Cooley LLP are admitted within Belgium to practise as lawyers and are members of the Brussels Bar List A. As an international law firm, Cooley LLP’s Brussels office also draws a number of lawyers from other jurisdictions who are members of the Brussels Bar List B or E and/or are members of foreign Bars.","Cooley's lawyers solve legal issues for entrepreneurs, investors, financial institutions and established companies. Clients partner with Cooley on transformative deals, complex IP and regulatory matters, and high-stakes litigation, often where innovation meets the law. 
In January 2015, Cooley established its first European office in London. Cooley's UK practice has strengths across many of the firm’s core practice areas, among them corporate/M&A, venture capital, capital markets, technology and life sciences transactions, IP, complex high-stakes litigation, insurance & reinsurance, product compliance & liability, tax, competition, employment, compensation & benefits, fraud, data protection and privacy. In February 2019, Cooley opened an office in Brussels
Cooley has +1300 lawyers across 19 offices in the United States, Asia and Europe.",Approximately 6 days per person in the last year has been spent on this expert group
204209,Rechtsanwälte Lenz und Johlen,Advances interests of their clients,http://www.lenz-johlen.de,"2015-4-22, 22:00","50,000",0.25,,Deutscher Anwaltverein,"Beratung von Unternehmen über neue EU Vorgaben
Vertretung der Mandanten bei vermutetem Verstoß von nationalem Recht gegen EU-Recht
Vertretung von Positionen bei der EU Kommission",
204336,K&L Gates GP - Brussels,Advances interests of their clients,http://www.klgates.com/brussels-belgium/,"2019-7-25, 22:00","325,000",5.0,,"British Chamber of Commerce in Belgium
French Chamber of Commerce (CCI France Belgique)
Chamber of Commerce of Spain in Belgium and Luxembourg",K&L Gates Brussels provides legal and policy advice to international clients on both current and upcoming EU legislation and regulatory developments and assists them to interact with EU authorities.,
204366,DS Avocats,Advances interests of their clients,https://www.dsavocats.com/,"2023-10-22, 22:00","10,000",2.25,,"ICC France
MEDEF
ODASCE
ETLA
Association Collin de Sussy","DS Avocats dispose d’un bureau à Bruxelles facilitant les démarches de ses clients auprès des institutions européennes.
L'activité de DS Avocats à Bruxelles se divise en plusieurs activités:
1/Le droit du commerce international (droit de l'OMC, mesures de défense commerciale et droit douanier de l'Union européenne);
2/Les programmes de financements européens et les appels d'offres des institutions européennes;
3/Le droit européen de l'environnement; 
4/Le contentieux européen (recours directs, renvois préjudiciels, pourvois devant la Cour de justice).
DS Avocats possède une expertise partagée entre l’Asie, le Canada et l’Europe en matière d’accords de libre-échange, de droit de l’OMC et en droit douanier.
Cette expertise est attestée par la participation régulière des associés de DS Avocats aux travaux d’organisations internationales : International Chamber of Commerce (ICC), Organisation mondiale des Douanes (OMD) et Organisation Mondiale du Commerce (OMC).",
204464,O'Connor and Company European Lawyers,Advances interests of their clients,oconnor.eu,"2022-9-15, 22:00","20,000",0.10000000149012,"Represent AEGIS Europe, an alliance of more than 20 associations of EU Manufacturing sectors.

   - Meeting with COM to present the AEGIS TDI Report 
   - Open Letter to COM, Council and Parliament on crisis face by EU Industrial Base","Legalink: an association of law firms
https://www.legalink.ch/

AIDV: Lawyers interested in Wine Law
aidv.org

AEGIS Europe: an alliance of EU Manufacturers
http://www.aegiseurope.eu/",Law firm specialising in EU law. Representing associations seeking to have their interests reflected in EU law,
204487,Ontier Italia S.r.l. STA,Promotes their own interests or the collective interests of their members,https://www.ontier.law/,"2024-9-22, 22:00","25,000",1.0,"Pubblicazione di un commento al Libro bianco della Commissione europea del 19 febbraio 2020 sull'intelligenza artificiale. 

Pubblicazione di un commento al documento del Ministero dello Sviluppo Economico italiano intitolato “Proposte per la strategia italiana in materia di tecnologie basate su registri condivisi e blockchain”.","Camera di Commercio Spagnola in Italia.

Consiglio dell'Ordine degli Avvocati di Roma (Società tra Avvocati)","Studio legale globale presente con 15 uffici in 11 Paesi tra Europa, USA e America Latina. 
Consulenza ed assistenza legale in tutti i settori e aree di pratica (Diritto delle Nuove Tecnologie: Intelligenza Artificiale, Smart Contracts, Blockchain, Metaverso, NFT, Crypto; Diritto civile; Diritto commerciale; Diritto pubblico; Diritto dell'energia e dell'ambiente; Diritto della Proprietà Intellettuale ed Industriale e Innovation Technology; Real Estate; Entertainment e Fashion; Diritto penale economico e compliance).",
205179,Covington & Burling LLP,Advances interests of their clients,http://www.cov.com,"2015-5-14, 22:00","1,670,000",10.1,,"Bundesverband der Arzneimittel-Hersteller (BAH)
Centre for European Policy Studies (CEPS)
Friends of Europe 
American Chamber of Commerce to the EU
European Confederation of Pharmaceutical Entrepreneurs (EUCOPE)
Internet Corporation for Assigned Names and Numbers (ICANN)             
Global Leadership Foundation   
Centre for International Governance Innovation (CIGI)","In an increasingly regulated world, we help clients navigate their most complex business problems, deals and disputes. Our distinctively collaborative culture allows us to be truly one team globally, drawing on the diverse experience of lawyers and advisors across the firm by seamlessly sharing insight and expertise. 

What sets us apart is our ability to combine the tremendous strength in our litigation, investigations, and corporate practices with deep knowledge of policy and policymakers, and one of the world’s leading regulatory practices. This enables us to create novel solutions to our clients’ toughest problems, successfully try their toughest cases, and deliver commercially practical advice of the highest quality.

Our EU Public Policy team draws on a range of former policymakers, including politicians, lawyers, public affairs practitioners, ambassadors and economists, as well as several junior members with expertise in a range of substantive regulatory and sectoral issues.","There are 26 colleagues regularly involved in activities covered by the Register. Of these, four colleagues are engaged full-time in the Brussels office on EU public policy work, and four colleagues either split their practice between regulatory and policy work or are part time at approximately 50%. Another 14 colleagues spend approxiumately 25% of their time on such activities, and 6 colleagues spend approximately 10% of their time on covered activities.

On a case-by-case basis, other additional colleagues may be involved in activities covered by the Register. These colleagues would spend a fraction of their working time (0-10%) on these activities and they are reflected in the two additional people at 25%."
205339,D+B Rechtsanwaelte Partnerschaft mbB,Advances interests of their clients,https://db-law.de/en,"2022-4-10, 22:00","50,000",0.10000000149012,"Das Ziel von D+B Rechtsanwälte ist die Beratung von Mandantinnen und Mandanten zu aktuellen und künftigen Gesetzesvorhaben und -änderungen, unter anderem im Bereich Public Affairs. Um entsprechende Rahmenbedingungen zu schaffen, stehen D+B Rechtsanwälte im ständigen Austausch mit Vertreterinnen und Vertretern der Politik. Sie machen Vorschläge für Gesetzesänderungen und weisen auf Probleme bestehender Gesetze hin, bspw. RL 2001/83/EG und Pharmapaket (nicht direkt als D+B, sondern im Rahmen von Verbandsstellungnahmen).",https://www.lobbyregister.bundestag.de/suche/R002261,"Die Sozietät „D+B Rechtsanwälte Partnerschaft mbB“ ist eine Branchenkanzlei für das Gesundheitswesen. Sie berät u.a. Ärzte, Apotheker, Arzneimittel- und Medizinproduktehersteller, Heilberufskammern, Hilfsmittelerbringer, Kliniken, parlamentarische Gremien, Psychotherapeuten und Verbände.
Das Ziel von D+B Rechtsanwälte ist die Beratung von Mandantinnen und Mandanten zu aktuellen und künftigen Gesetzesvorhaben und -änderungen, unter anderem im Bereich Public Affairs. Um entsprechende Rahmenbedingungen zu schaffen, stehen D+B Rechtsanwälte im ständigen Austausch mit Vertreterinnen und Vertretern der Politik. Sie machen Vorschläge für Gesetzesänderungen und weisen auf Probleme bestehender Gesetze hin.",
205396,Baker McKenzie BV/SRL,Advances interests of their clients,www.bakermckenzie.com,"2024-3-13, 23:00","10,000",20.0,"Events, campaigns, publications can be found under the following links:

https://www.bakermckenzie.com/en/newsroom
https://www.bakermckenzie.com/en/insight","Company memberships
•	AmCham EU | American Chamber of Commerce to the European UnionSpeaking for American business in Europe
•	Grow your business and your network | AmCham Belgium
•	International Association of Privacy Professionals (iapp.org)
•	Accueil | AEDBF Belgium - Association Européenne pour le Droit Bancaire et Financier
•	Home | flanders.bio
•	Home - Flanders-China Chamber of Commerce
•	Klimaat Parlement - Antwerpen 2023
•	Be.Face – Equality – Diversity – Inclusion (beface.be)
•	Legal Diversity & Inclusion Alliance (legaldiversityalliance.be)
•	Road to Glory | Kickbox


Individual memberships
•	European Trade Law Association | UIA Yearbook Profile | Union of International Associations
•	GUBERNA - Instituut voor Bestuurders Institut des Administrateurs
•	Home - BVA (Belgian Venture Capital & Private Equity Association)
•	UPSI-BVS
•	Home | Urban Land Institute (uli.org)","Baker McKenzie, law firm in the form of a BV/SRL (VAT BE 0426.100.511 RPR Brussels)",
205607,Latham & Watkins LLP,Advances interests of their clients,http://www.lw.com,"2015-11-5, 23:00","70,000",0.30000001192093,"We monitor developments in EU law relevant to our clients, offering seminars and publications.  From time to time we may respond to public consultations and sponsor or host events to which EU officials may be invited.",,"Latham & Watkins LLP is dedicated to working with clients to help them achieve their business goals and overcome legal challenges anywhere in the world. From a global platform of offices in the world's major financial, business and regulatory centers, the firm's lawyers help clients succeed. We provide advice to clients in a full range of practice areas, including antitrust and competition; corporate governance; data privacy, security and cybercrime; environment, land and resources; healthcare and life sciences; intellectual property; litigation; mergers and acquisitions; private equity; real estate; restructuring; tax; and white collar defense and investigations.

Latham & Watkins’ Brussels office is the hub for the firm's European competition practice, which consists of more than 50 lawyers in the major jurisdictions in Europe.  The firm’s European competition team handles complex and cutting-edge matters before the European Commission, Member State authorities, and EU and n (...)","We do not have full-time personnel whose dedicated responsibilities involve covered activities.  We have three individuals involved in monitoring EU law developments, which may from time to time include covered activities.  This work comprises well less than 10% of each of their time.  On a case-by-case basis, work by our partners, associates, and other staff involved in monitoring EU law developments, discrete matters for our clients, or firm events, may involve activities or outreach covered by the Register.  In such situations, these individuals would spend a small fraction of their time (<10%) on covered activities, and are reflected in the aggregate .3 FTE."
205729,Cremades & Calvo-Sotelo Abogados S.L.P.,Advances interests of their clients,http://www.cremadescalvosotelo.com/,"2015-3-25, 23:00","410,000",0.20000000298023,No hemos realizado actividades de comunicación relacionadas con las políticas de la UE,"AEMEC https://www.aemec.eu/
World Jurist Association https://worldjurist.org/","El despacho de abogados Cremades & Calvo-Sotelo presta servicios jurídicos y asesoramiento en el área de relaciones institucionales o “public affairs”. Este departamento se dedica a asesorar a sus clientes en sus relaciones con las administraciones públicas, incluidas las instituciones comunitarias.",
206015,Clifford Chance LLP,Advances interests of their clients,http://www.cliffordchance.com,"2021-8-31, 22:00","150,000",0.600000024,"Events

CER/Clifford Chance hybrid lunch on 'How to achieve energy security in Europe'. 21 September 2022 - https://www.cer.org.uk/events/cerclifford-chance-hybrid-lunch-how-achieve-energy-security-europe

CER/Clifford Chance hybrid discussion on 'Industrial policy and the future of state aid'. 01 March 2023 - https://www.cer.eu/events/cerclifford-chance-hybrid-discussion-industrial-policy-and-future-state-aid

CER/Clifford Chance hybrid discussion on 'Can the 'Brussels effect' survive in today's geopolitical context?' 07 June 2023
https://www.cer.eu/events/cerclifford-chance-hybrid-discussion-can-brussels-effect-survive-todays-geopolitical-context

The conference “Antitrust Horizon 2023 : Meet The Enforcers” organised by Concurrences in partnership with Clifford Chance and Compass Lexecon took place in Brussels on October 5th, 2023 - https://www.concurrences.com/en/events/antitrust-horizon-meet-the-enforcers

CER/Clifford Chance Hybrid Discussion on 'the Polish elections and the future of the EU's rule of law' 29 November 2023
https://www.cer.eu/events/cerclifford-chance-hybrid-discussion-polish-elections-and-future-eus-rule-law


Publications

Please find all our client briefings on these topics here: https://www.cliffordchance.com/briefings.html 

https://www.cliffordchance.com/content/dam/cliffordchance/briefings/2023/04/the-european-net-zero-industry-act.pdf

https://www.cliffordchance.com/content/dam/cliffordchance/briefings/2023/07/changing-times-recent-developments-in-the-uk-and-eu-securitisation-regulatory-framework.pdf

https://www.cliffordchance.com/content/dam/cliffordchance/Thought_Leadership/across-the-board/eu-foreign-subsidies-regulation.pdf

https://www.cliffordchance.com/content/dam/cliffordchance/briefings/2024/02/low-carbon-fuels-decoding-eu-legislation-for-the-transport-sector.pdf 

https://www.cliffordchance.com/briefings/2024/04/german-government-introduces-draft-bill-to-enable-ccs-new-opport.html",Think tank Centre for European Reform (CER) https://www.cer.eu/corporate-donors,"We are one of the world's leading law firms, operating across five continents. Our clients include corporates from all the commercial and industrial sectors, trade bodies and not-for-profit organisations.","Our EU public policy work is spread across different European offices. While we have identified six people engaged in activities that fall under the scope of the register, in reality these people spend less than 10% of their time on relevant activities."
206067,Parulski&Wspólnicy Szymon Parulski Wojciech Krok Doradcy Podatkowi s.c.,Promotes their own interests or the collective interests of their members,http://www.parulski.com,"2018-9-27, 22:00","500,000",0.25,PREPARING AND PRESENTATION OF REPORTS AND ANALYSES.,None.,"Tax advisory services for business entities, providing advice to authorities in process of creating tax regulations, participating in ground-breaking cases, engaging in opinion-forming activities in the media, and publishing books and newspaper/magazine articles.",None.
206119,Bird & Bird LLP Belgium,Advances interests of their clients,https://www.twobirds.com/en/about,"2018-9-20, 22:00","325,000",3.5,"Since July 2018, Bird & Bird publishes a Regulatory & Public Affairs monthly newsletter entitled 'Connected' and prepares regular social media posts with updates regarding regulatory developments. 

The firm also publishes a number of trackers showing the progress of national implementation of certain EU legislation.

We organise webinars and podcasts several times a year on topical EU regulatory issues as well as regularly posting updates on social media.","International Trademark Association (INTA)
L'Association Litteraire et Artistique Internationale (ALAI)
International Association for Protection of Intellectual Property (AIPPI)
American Chamber of Commerce in Belgium
Brussels Bar Association & National Bar Associations
International Institute of Communications (IIC)","Bird & Bird is an international law firm with a focus on helping organisations being changed by technology and the digital world. With over 1600 lawyers in 31 offices across Europe, the Middle East and Asia-Pacific, we're ready to help companies wherever they are in the world. 

- We create innovative solutions that solve problems and streamline processes to help companies be more efficient. 

- We constantly seek new and creative ways to deliver services that help companies reduce costs, manage risks and open up new opportunities to grow their business.

- To provide a smarter service, we automate legal processes.

- To manage the legal workload of clients, we collaborate with them to create bespoke platforms that deliver the insight they need.

- To help businesses thrive in a digital world, we partner with like-minded professionals who share our commitment.","Bird & Bird has a worldwide team consisting of lawyers who also have a regulatory aspect to their work. Above, only the dedicated public affairs professionals are listed."
206120,Gide,Advances interests of their clients,https://www.gide.com/,"2016-4-18, 22:00","445,000",2.0,,"-Membre d'Invest Europe
-Membre du Comité national des conseillers du Commerce extérieur de la France","Notre clientèle, composée de sociétés nationales et internationales, cotées ou non, reflète notre engagement envers les milieux d’affaires. Nous offrons une assistance juridique à compétence multiple, conseillant des investisseurs étrangers, des banques, des institutions internationales, des administrations et de grands groupes nationaux sur tous les aspects juridiques de leurs investissements et de leurs opérations commerciales et financières.","Pour la plupart des personnes concernées, les activités couvertes par le registre ne représentent qu'une activité très occasionnelle."
206140,"Silverback Smart Advocacy Services, SLU",Advances interests of their clients,https://www.silverbackadvocacy.com/,"2022-10-30, 23:00","20,000",0.55000001192093,,,silverback es una firma española de servicios legales y de consultoría estratégica especializada en asesoramiento regulatorio aplicado a asuntos públicos.,
206200,DLA Piper UK LLP - Belgium,Advances interests of their clients,http://www.dlapiper.com,"2014-10-2, 22:00","420,000",1.25,Regular analysis of EU legislative development (representing views of the authors only) on https://www.dlapiper.com/en/belgium/insights/publications/,- Bar of Brussels and multiple bars throughout Europe and beyond,DLA Piper is an international law firm. We provide legal services and policy advice to a wide range of clients in multiple jurisdictions.,
206267,"DELOITTE ABOGADOS Y ASESORES TRIBUTARIOS, SLU",Promotes their own interests or the collective interests of their members,http://www.deloitte.es,"2024-10-28, 23:00","100,000",0.5,"Deloitte Abogados y Asesores Tributarios, S.L. realiza o participa en actos o eventos a nivel nacional sobre las implicaciones de las políticas europeas para las empresas españolas; estos actos son, fundamentalmente relativos al área de tributación y regulatoria.","Deloitte hace referencia a Deloitte Touche Tohmatsu Limited («DTTL») y a su red global de firmas miembro y sus entidades vinculadas, ya sea a una o a varias de ellas. DTTL (también denominada «Deloitte Global») y cada una de sus firmas miembro son entidades jurídicamente separadas e independientes. DTTL no presta servicios a Clientes.","(a) El asesoramiento jurídico, tributario, regulatorio, económico y en materia de recursos humanos a toda clase
de personas físicas o jurídicas, españolas o extranjeras;
(b) La representación de personas físicas o jurídicas, españolas o extranjeras, en todo tipo de proceso, con las
limitaciones que imponga la Ley.
(c) La asesoría y consultoría científica, técnica, organizativa o tecnológica en el ámbito jurídico, tributario,
regulatorio y económico.
(d) El desarrollo de actividades de investigación científica y de formación empresarial y profesional, a través de
conferencias, seminarios, manuales, libros y cualquier otro medio audiovisual, la publicación y comercialización
de los mismos y el diseño, desarrollo y comercialización de aplicaciones informáticas, bases de datos y otras
herramientas informáticas relacionadas con las actividades profesiones referidas anteriormente.
(e) La enseñanza en cualquiera de sus niveles o grados educativos o profesionales en relación con las actividad",
206602,"Gibson, Dunn & Crutcher LLP",Advances interests of their clients,https://www.gibsondunn.com/,"2022-5-17, 22:00","10,000",0.30000001192093,,,"Gibson, Dunn & Crutcher, with more than 1,600 lawyers in 20 offices in major cities throughout the United States, Europe, the Middle East, Asia and South America, is committed to providing the highest quality legal services to its clients. In Europe, our established, internationally networked group of qualified U.S., English, French, Spanish and German lawyers have considerable experience in representing clients with international business interests that require a coordinated and seamless response within and across European national borders.",
206934,"Alinea, Avocats Associés",Advances interests of their clients,https://alinea-avocats.eu/fr/,"2023-5-11, 22:00","45,000",0.75,,,"Alinea, Avocats Associés, équipe d’avocats basés à Paris puis à Bruxelles, offre aux acteurs professionnels, en particulier des filières agricole et agroalimentaire ainsi que des professions libérales et réglementées, un conseil et une assistance juridique sur mesure tant en conseil, affaires publiques qu’en contentieux.

Nous offrons à ces acteurs de différents secteurs professionnels, regroupés au sein d’interprofessions, associations, organisations de producteurs, associations d’organisations de producteurs, syndicats professionnels, conseils nationaux professionnels, ordres professionnels, une gamme complète de compétences pour les accompagner dans la constitution et le fonctionnement de leur organisation collective, leur évolution au grès des changements législatifs tant nationaux qu’européens, et les aider à devenir des interlocuteurs privilégiés des autorités publiques ou encore défendre leur intérêt en justice.",
206960,Advokatfirman Vinge KB,Advances interests of their clients,https://www.vinge.se,"2015-3-26, 23:00","10,000",1.0,,"Swedish Bar Association 
www.advokatsamfundet.se","Vinge is one of Sweden’s premier law firms. The firm has extensive knowledge in working on the global market and its mandates are predominantly international. Today, it is a full-service law firm with approximately 450 employees with offices in Sweden and Brussels. As a Swedish law firm it is bound by the Swedish Bar Association’s rules and regulations.","The actual FTE is, as a maximum, 0.25."
207080,Navas Cusi SLP,Advances interests of their clients,www.navascusi.com,"2023-6-7, 22:00","625,000",2.5,,,"Navas&Cusi it is a multidisciplinary leading law firm with an international vocation. Navas&Cusi specializes in banking law, financial law, European Union law, tax law and new technologies, as well as litigation. The aim of our firm is to represent the interests of our clients at the European Institutions.","•	100%: Associate lawyer
•	50%: Legal manager and associate lawyer
•	25%: 2 Associates lawyer"
